{
  "logreg": {
    "strict": {
      "macro_f1": 0.5010957973766875,
      "accuracy": 0.510585954396589,
      "weighted_f1": 0.4995312241584472,
      "top3": 0.6926674596799111,
      "top5": 0.7705205050567467,
      "mrr": 0.6285953255724555,
      "nll": 1.895194910786779
    },
    "ambiguity_aware": {
      "set_lenient_top1": 0.5513218603884735,
      "set_lenient_top3": 0.7282423427876991,
      "gap_top1_vs_strict_acc": 0.04073590599188448
    },
    "per_country_f1": {
      "AE": 0.12361681947518179,
      "AF": 0.6374762357414449,
      "AL": 0.6601858118501199,
      "AO": 0.41452964917727414,
      "AR": 0.2167936756641265,
      "AT": 0.462290593833518,
      "AZ": 0.872963323596235,
      "BD": 0.50568022832839,
      "BE": 0.3925832154292948,
      "BF": 0.870318087709392,
      "BG": 0.7643026627998946,
      "BH": 0.1251610824742268,
      "BI": 0.8584517328376046,
      "BN": 0.30591503984791985,
      "BO": 0.37376956306210607,
      "BR": 0.45153374233128835,
      "BW": 0.7094220110847189,
      "CA": 0.11931523430745287,
      "CH": 0.2334338576901133,
      "CL": 0.3314078452444922,
      "CM": 0.5652731816032958,
      "CN": 0.4679376083188908,
      "CO": 0.3338733630349669,
      "CR": 0.37251380296680636,
      "CY": 0.6606738488986482,
      "CZ": 0.6691586494270483,
      "DE": 0.337213970293055,
      "DJ": 0.741171430320093,
      "DK": 0.5606552746787177,
      "DZ": 0.42681475604918684,
      "EC": 0.3199531204219162,
      "EE": 0.6823773145150848,
      "EG": 0.468940244695313,
      "ES": 0.3147593124961771,
      "ET": 0.8069096944734739,
      "FI": 0.7696761596983774,
      "FJ": 0.7955452325650646,
      "FR": 0.3499572902293186,
      "GB": 0.290438624171663,
      "GE": 0.8565290365894596,
      "GH": 0.6431055193778845,
      "GR": 0.590905982905983,
      "GT": 0.295397489539749,
      "HK": 0.5277577505407354,
      "HN": 0.40383281850847885,
      "HR": 0.6373198285936892,
      "HT": 0.7333918642083699,
      "HU": 0.8077248195591391,
      "ID": 0.6034112444725205,
      "IE": 0.5481182116696135,
      "IL": 0.35358190196899875,
      "IN": 0.5062560153994226,
      "IQ": 0.4041369378804739,
      "IR": 0.5171835708298408,
      "IS": 0.9225648689036816,
      "IT": 0.5890967335964762,
      "JM": 0.5484961329132054,
      "JO": 0.38000516662361145,
      "JP": 0.7787751845202474,
      "KH": 0.8789986091794159,
      "KR": 0.8983347372513445,
      "KW": 0.14791212476941137,
      "KZ": 0.7395244259726103,
      "LB": 0.3579504132231405,
      "LT": 0.8719317663910411,
      "LU": 0.2978976301909219,
      "LY": 0.2616724998138357,
      "MA": 0.48450491307634164,
      "MD": 0.7759237187127532,
      "MO": 0.43626143979246235,
      "MT": 0.6707557811618725,
      "MU": 0.3602437166793602,
      "MV": 0.499846935651748,
      "MX": 0.20464848528459378,
      "MY": 0.3463923337091319,
      "NG": 0.6712619983250661,
      "NL": 0.5715263049873435,
      "NO": 0.5659688070816355,
      "OM": 0.1558953341740227,
      "PA": 0.27373197687184364,
      "PE": 0.2846942650968477,
      "PH": 0.3203753351206434,
      "PL": 0.8324256651017214,
      "PR": 0.3904118008604794,
      "PS": 0.1842435655994978,
      "PT": 0.4164671000114038,
      "QA": 0.13345138441725693,
      "RS": 0.7278307013618055,
      "RU": 0.5566905653194594,
      "SA": 0.1475896732922093,
      "SD": 0.3524317121918721,
      "SE": 0.5695253955037469,
      "SG": 0.31287128712871287,
      "SI": 0.6105638923778673,
      "SV": 0.4661298496536967,
      "SY": 0.3143997939206595,
      "TM": 0.8711039613915141,
      "TN": 0.578492739108663,
      "TR": 0.7559431370206666,
      "TW": 0.4601020956475013,
      "US": 0.11167775952977785,
      "UY": 0.275573530437208,
      "YE": 0.35646549017145013,
      "ZA": 0.6027339046674693
    }
  },
  "linsvm": {
    "strict": {
      "macro_f1": 0.494703143023751,
      "accuracy": 0.5126392922614266,
      "weighted_f1": 0.49319145412004245,
      "top3": 0.6786558425508249,
      "top5": 0.7487293765062102,
      "mrr": 0.6220011231319823,
      "nll": 3.4472923183580804
    },
    "ambiguity_aware": {
      "set_lenient_top1": 0.5536429689591958,
      "set_lenient_top3": 0.7147495314012647,
      "gap_top1_vs_strict_acc": 0.041003676697769276
    },
    "per_country_f1": {
      "AE": 0.10263157894736842,
      "AF": 0.6297624383684447,
      "AL": 0.6605549146985611,
      "AO": 0.415515610217597,
      "AR": 0.19950403967682587,
      "AT": 0.462015503875969,
      "AZ": 0.868815592203898,
      "BD": 0.4969047495188056,
      "BE": 0.3782011242973142,
      "BF": 0.866232827187274,
      "BG": 0.7612878643551153,
      "BH": 0.10633584404076207,
      "BI": 0.8525007964319847,
      "BN": 0.29645608628659476,
      "BO": 0.39436220695516677,
      "BR": 0.4526984918359716,
      "BW": 0.7115732368896925,
      "CA": 0.09579648216237703,
      "CH": 0.21677748428818655,
      "CL": 0.34067469558852886,
      "CM": 0.5596237823312059,
      "CN": 0.46447073872721456,
      "CO": 0.3436379625245214,
      "CR": 0.37712499185826875,
      "CY": 0.6494594594594595,
      "CZ": 0.6573671497584541,
      "DE": 0.31342967923863235,
      "DJ": 0.7390956839461064,
      "DK": 0.5644086618545253,
      "DZ": 0.418498045031684,
      "EC": 0.3370429252782194,
      "EE": 0.6801734740112628,
      "EG": 0.4634587145600361,
      "ES": 0.3148362000850909,
      "ET": 0.8005132991133924,
      "FI": 0.7586206896551724,
      "FJ": 0.78917089678511,
      "FR": 0.3253481894150418,
      "GB": 0.2723513861587474,
      "GE": 0.8514812376563529,
      "GH": 0.6504356423407279,
      "GR": 0.5809336675926553,
      "GT": 0.29730710604630906,
      "HK": 0.523634131368938,
      "HN": 0.41640755800047835,
      "HR": 0.630848995463383,
      "HT": 0.730391340549542,
      "HU": 0.8099442670173461,
      "ID": 0.6021052631578947,
      "IE": 0.5553113553113553,
      "IL": 0.3640883585481923,
      "IN": 0.4925237150972721,
      "IQ": 0.4089738376033618,
      "IR": 0.4838340486409156,
      "IS": 0.9213214806952368,
      "IT": 0.5694568121104185,
      "JM": 0.5501215887597947,
      "JO": 0.3786936734824691,
      "JP": 0.7765671067811819,
      "KH": 0.859832419571739,
      "KR": 0.8816149068322982,
      "KW": 0.13582838886353263,
      "KZ": 0.734416980118216,
      "LB": 0.3560786448057691,
      "LT": 0.8736476043276662,
      "LU": 0.28429131286740694,
      "LY": 0.24320619304894767,
      "MA": 0.4734955668741747,
      "MD": 0.7756507528889927,
      "MO": 0.4270909356298351,
      "MT": 0.6715368711233632,
      "MU": 0.3429028388644542,
      "MV": 0.4948538493207081,
      "MX": 0.18953054253713558,
      "MY": 0.33932249130033376,
      "NG": 0.6738817641538942,
      "NL": 0.5654099020528646,
      "NO": 0.5638439448063318,
      "OM": 0.14197058573493157,
      "PA": 0.27342786683107273,
      "PE": 0.28939157566302653,
      "PH": 0.29836492548111704,
      "PL": 0.8179660398028118,
      "PR": 0.4018467852257182,
      "PS": 0.15247732030704816,
      "PT": 0.409452296819788,
      "QA": 0.11864406779661017,
      "RS": 0.7192003434108052,
      "RU": 0.5384911965043053,
      "SA": 0.1302127659574468,
      "SD": 0.34795220664410526,
      "SE": 0.5670806605704927,
      "SG": 0.2915335463258786,
      "SI": 0.6070650379663255,
      "SV": 0.47822104620394873,
      "SY": 0.3044527896995708,
      "TM": 0.8696498054474708,
      "TN": 0.5799211404306945,
      "TR": 0.7438257222739981,
      "TW": 0.45236057154144993,
      "US": 0.0772096874353136,
      "UY": 0.27400103788271923,
      "YE": 0.3472383159521051,
      "ZA": 0.5991189427312775
    }
  },
  "sgd": {
    "strict": {
      "macro_f1": 0.4778830130489095,
      "accuracy": 0.5001171496838246,
      "weighted_f1": 0.47644105485009647,
      "top3": 0.6732218995241921,
      "top5": 0.746448176069538,
      "mrr": 0.6109314237702572,
      "nll": 5.033535867369092
    },